7.648072516137286584e+03,-1.475544304472147087e+04,3.634769156008921982e+03,-2.133650999652484188e+03,-1.432053063471981318e+02,-7.643048937241412204e+03,-2.123622740705561228e+03,-9.080527776393830663e+02,-1.890947041674919546e+03,5.228631194792762926e+02,-1.605360814402283495e+03,-4.028070537509312089e+03,6.095878835728891318e+03,4.484306646955265933e+03,-1.946430720835158127e+03,-6.839862688834199389e+02,6.978153524997858767e+03,-5.686476840331270978e+03,5.375916472548213143e+00,9.029379117769416325e+02,7.724719324780083298e+03,-1.063233224784378876e+02,2.167329286840821169e+03,-3.366330963014495410e+03,-5.525840455903480688e+02,5.456303923989883060e+02,4.379409807739682947e+03,1.763846275970253828e+03,-4.506924639617996036e+03,2.898074890743078868e+03,-7.350134583271889142e+02,-7.193800315286310934e+02,1.548542776764785231e+03,-1.765521744371103750e+03,3.419543016232262289e+02,1.273951848208862884e+03,2.545343796238830691e+03,-2.351667377741528639e+02
4.292765613686651704e+03,4.514181522196949118e+03,1.514632727584822896e+04,3.575367105654798934e+02,-8.194688948850693123e+03,6.613571910861780452e+03,-9.925960338026135332e+02,1.045633311880154906e+04,-5.863182657263409055e+03,4.974649320374888703e+03,1.641830939494710401e+04,2.585387867459232893e+03,-2.484757075160478962e+03,-1.497850389865870397e+02,1.695107789741939314e+03,1.859545574331679063e+03,5.669825627006720197e+02,1.736302736635999054e+03,-3.163987485807972917e+03,1.900921393070753993e+02,3.852131016833326157e+03,-2.201928309456889554e+00,2.638759356668257169e+03,8.349158271313631303e+02,-1.085755785343989373e+03,-1.865671619394330719e+03,-3.825435492302405578e+02,-1.056955642998355643e+03,-1.696342736152448197e+03,4.000077520592650444e+02,8.483974302373763976e+02,-8.124225591306995966e+02,-2.542915191416553000e+02,-3.328465857094313378e+02,7.352173531387790035e+02,-9.892708280943983823e+01,-2.533717354177739267e+01,7.283587420474638066e+02
-7.100078040799237897e+03,-4.590505517657165342e+02,-6.531773560764315789e+02,3.552330210622259528e+03,3.610882743617704364e+03,-8.224957102567517495e+02,3.196048455445310537e+03,-2.940484809269970810e+03,-3.604828155039118428e+03,2.901348176867157235e+03,-3.737148925624734147e+03,-3.382141141355408308e+03,-3.522556076057144764e+03,-1.390501336257908861e+03,3.555851893324906541e+03,-2.279629650978020891e+03,-5.479016958414637884e+03,-4.726541157817854582e+03,-4.548438054105502488e+03,5.496568844598323267e+02,-1.002679675173191526e+03,-1.299688381445128471e+03,2.323396877870954540e+03,6.438986067795706276e+02,-3.549697168459397290e+03,-1.933974120415466359e+03,-2.041510684904341815e+03,-3.683450994180114776e+03,-8.859739148938714379e+02,-1.678609911022957704e+03,-1.501009910933964420e+03,-5.102619863467570212e+03,7.813637430963749466e+02,-5.363214627248661600e+03,3.302705897208777515e+03,-1.642323854720686313e+03,3.163330224405554873e+03,5.114961518072815352e+02
-4.143683252445449625e+02,2.310506066305825698e+03,4.538520613674503693e+03,-4.893520452846003536e+03,1.222485454862767710e+03,-3.770500656192953102e+03,-1.228018359223091829e+04,1.163783437410713759e+03,1.156138435157210188e+04,7.282838314899659053e+03,-2.463619119932584169e+02,-7.389600745775269388e+02,-4.927979463635087995e+03,3.157991786866071379e+03,9.069415409247247908e+02,2.987542457577385903e+03,-4.466182403624873587e+03,-3.571333601423246819e+03,2.274222065404033401e+03,4.396962347561615388e+03,-1.766804576116916451e+03,-4.153221372501961923e+03,-3.313932581131727602e+03,-3.673210089456487708e+02,1.810274581845975263e+03,-1.509329522594578975e+03,2.594036610219055092e+03,-3.639036917535777320e+03,-1.671658748431421600e+03,1.465630271584183220e+03,2.539810327831358791e+03,1.460131740860891796e+03,1.042536992587640043e+03,-1.979323070075154646e+03,-2.405224459947783544e+03,-1.803701520559728124e+03,-1.953310277488781139e+03,-8.779052912936753046e+02
1.080582511437702306e+04,2.430173941648017717e+03,-5.471663670353200359e+03,7.996605331008770008e+03,-8.188597024398338363e+03,-2.485388123978942986e+03,4.823187168987200494e+03,-4.605310794742331382e+02,3.239509584827061417e+02,2.907538873543669524e+02,4.448562086264442996e+02,-3.027959811722083487e+03,-5.824487813372527853e+03,4.142181428472689731e+03,-1.085932643936444265e+03,9.287371981750618488e+02,2.241736473990888953e+03,7.996920242992759086e+03,-2.783817924315201708e+03,1.275796163723644213e+03,-5.124973765043665708e+02,-2.745072849638121170e+03,-4.293066964201518203e+03,-6.960799192274250345e+03,2.972810653792189896e+03,2.581566722242235301e+03,1.002636853385612767e+03,3.292379098715246499e+01,2.981358108819136419e+02,-3.148581942226133378e+03,-4.941892492102238975e+03,-2.327772538775017438e+03,-3.292066358643518953e+01,-2.961675588792505550e+03,-3.115982176339030502e+03,-1.023104137779986900e+03,-2.443265433444848043e+02,-1.934728039353020108e+02
-4.187385295260872226e+03,3.566620775740283079e+03,-6.464027739806952923e+03,9.107244551581071619e+02,-4.387641856603671840e+03,-3.747084345800166830e+03,3.519141266087984263e+02,1.840295169474746331e+02,2.998817586149695217e+03,-3.400928225742515679e+03,-4.532268950032342900e+02,1.386088020106657268e+03,4.203874951798055008e+03,-1.013362072643335409e+03,-6.567881679824917228e+03,2.838815200340636693e+03,-1.809827416677044994e+03,3.122082839149582469e+03,-6.145184312193620144e+02,2.449059586482656869e+03,-1.207789381762217545e+03,4.123128892426317179e+03,2.061888563361997512e+03,-4.437367361437224531e+02,-2.435448012817200834e+03,-2.861755849962419234e+02,2.663422810083137392e+03,-3.858323986760198750e+03,-1.339799575294649458e+03,4.866310096340116615e+03,6.750248094435171424e+02,-3.561383747165102250e+03,-4.214228389076380154e+03,-2.580218555285348884e+03,2.475790091373416999e+03,-2.698303732011893175e+01,-3.528831059791308235e+03,4.747770904582626827e+03
7.599828244868648653e+03,-8.272104527652261822e+03,-5.467851035903064258e+03,2.379874211606774679e+03,-4.024050614282974493e+03,9.050511943305104978e+02,-3.471770893510956171e+02,3.335631168753623115e+03,-2.231238529805040798e+03,9.771766885022094584e+02,-3.671745939846604756e+01,2.900199034388615019e+03,-6.238924008477936695e+03,2.661094949986264965e+03,-3.052488891704500134e+02,9.962651201650040775e+02,-1.373340686524270268e+03,1.209141373399938857e+03,8.297654499792255592e+03,-2.830306761179837736e+02,-2.466835911192757521e+03,9.910263211719734500e+02,-7.080832420284560840e+02,-1.376057029670986367e+03,-4.408919944005286197e+03,-2.248056894852338701e+03,-4.924106943824436939e+02,1.432768537915540946e+03,7.584746485057963582e+03,7.319403973105424484e+03,-5.673382323573670192e+02,7.808892778234444449e+02,2.700734483311145596e+03,-4.248112497406646071e+02,1.802017923101176848e+03,4.779192653414887104e+02,2.386319091053469492e+03,-1.400737173399302264e+02
1.887970305889011433e+04,2.553643747453964806e+03,2.058392183646888225e+04,1.775626639568066093e+04,9.640436628674668100e+03,-4.400870609937516633e+02,3.276319974049275515e+03,-4.617663180328512681e+03,2.128795755522656236e+03,-3.154563398635958038e+03,-3.984026860177299113e+03,1.849924828075020969e+03,2.453901729458752015e+03,-2.904904285736291058e+03,-4.066605653574473308e+03,3.530368019590840504e+03,-2.698323937703335105e+03,6.318713317439351158e+02,1.424744756857941411e+03,-6.471043194699834089e+01,-2.337916856372661641e+03,-7.523547058190872576e+02,8.590819953546279919e+01,3.077649039627131060e+03,-1.743720446839096638e+01,8.628047394908878687e+02,6.746351775921726812e+02,1.034775182668825664e+03,-7.468255975154329462e+01,3.522582249551214062e+01,1.267458346899770049e+03,-6.199225754586218500e+02,7.809757881835620310e+02,9.540200237911848546e+01,-1.174745762931876136e+01,-2.437186560396964694e+02,1.913639552510942679e+02,1.639932624329384510e+02
-9.705733205741091297e+03,6.713715493032781524e+03,6.809476882181141264e+03,2.714431898344813817e+03,-3.533380323061373929e+03,7.005562292234716551e+03,-1.886056763205788513e+02,3.144404926949039691e+03,6.223169853437193524e+03,-8.211920504469877415e+03,-7.265023164945648205e+03,-4.733912362492385910e+03,-2.437221507510881565e+03,6.623277821309511637e+03,-2.112627947583627730e+01,3.378969913951696526e+03,9.490296409740030867e+03,-3.852753661842283464e+02,7.419122528771763427e+02,-4.255623742251568729e+03,-5.855369797166993067e+02,7.897280797551683236e+02,2.216613911086064945e+03,-9.122821470656431302e+02,-2.491271573621246262e+03,-3.250318364188282885e+03,-2.642191286505955759e+03,-4.373293319199207872e+03,-7.109367319113175654e+02,2.194080291320141214e+02,-2.566427954897474706e+02,-1.126291201236376537e+03,1.619053805285408316e+03,3.219042861519197686e+03,-6.647717989937957555e+02,-1.503727066584522618e+03,4.511082671616943003e+02,-2.590660195049387653e+02
1.010295641366265409e+04,-1.575203082124847924e+03,-1.357658172127003490e+04,6.187999675593992833e+03,1.086608406819460697e+03,9.789410379703811486e+03,-3.037230905656292634e+03,-1.653525478818045258e+03,3.987643885490449975e+03,6.374830400888347413e+02,-4.544068535658642759e+03,7.841153835801539572e+03,5.515263519745226404e+02,2.225465536773158419e+03,5.659350092602520817e+03,5.449918353739701161e+03,-4.481955128962806157e+03,-2.435284406340841997e+03,-7.861667500144149017e+03,-2.846198881569532205e+03,6.954209618291436527e+03,2.792759784685942577e+03,4.928535413974138351e+02,7.600921662640693057e+02,1.851430876591856759e+03,-2.216343238844430289e+03,-1.304255829619526594e+03,6.352856005376006578e+02,-3.963879744168183947e+02,1.544968102520675529e+03,-6.756059217333843208e+02,5.079997533803124270e+02,6.679213553346130539e+01,1.169898540318622963e+03,-1.466622045861997094e+03,1.338335875321395633e+03,-7.108834708139064560e+02,4.685476304082298498e+02
1.354490216061564524e+03,1.665518443790176752e+04,8.948875647328610512e+02,-3.814536014432742377e+02,2.680564558578536776e+02,-5.292424122796277516e+03,1.942701831685863681e+03,3.917954959945331211e+03,-5.929336748424721009e+03,1.854214311406526576e+03,-5.642422470869973949e+03,2.824652971678217455e+03,-2.749273448689005363e+03,3.563302562088247669e+03,7.755517725268045069e+03,-4.521913134291899951e+03,-1.516810742041760705e+03,-1.765289329141455937e+03,-1.886642334562887129e+02,-4.309576338971374753e+03,-4.141857310292583861e+03,-2.448537128710790512e+03,9.762338317723466616e+02,9.036251811363737261e+02,-2.286825241354569698e+03,3.944186779798716543e+03,4.613192978313088133e+03,9.637971812706113042e+02,-3.864001436060058495e+03,3.350685198133302492e+03,-2.617025758693569969e+03,2.641060611434684688e+03,-1.613933161976322481e+03,1.669472933802545185e+03,-2.244650014373052329e+02,2.258805748072403276e+03,5.387535572902578451e+02,1.135832331841989799e+03
-1.458368058783558183e+02,-5.989315226432436248e+03,1.858372818187777966e+03,-8.948397059628166971e+03,9.669295169461393016e+03,1.357039729283576889e+03,3.856024348656864277e+03,1.729746905915041498e+04,-3.056631275896123043e+03,-8.618168249056410787e+03,-5.285542406001327436e+03,-2.444909238989717721e+02,4.791869568095772593e+03,4.677237637809823354e+03,1.092040199051701393e+03,-1.073331237649825880e+03,-5.714354995187854911e+03,3.253794064171122955e+03,5.016399915658443831e+01,2.406517173641763748e+03,7.557350116423347117e+02,1.130543367651289373e+03,-1.107030699825903412e+03,1.357526124191943836e+03,3.985769789526801560e+03,-2.853676292365143752e+01,1.723350753785668758e+03,-4.726581900732284112e+02,1.657584354093414959e+03,-1.162893756109762307e+03,2.231272587224047186e+02,-8.810675832725191867e+02,-6.052282439091184187e+02,-1.144402912636957808e+03,-9.739921484550135347e+02,-1.835638913664487518e+03,1.650487258185623034e+02,-1.318855152468823917e+03
5.375801230181822575e+03,4.110255162400039808e+03,4.997756539647653540e+02,-8.233498981288748837e+02,-8.082989859752103257e+03,-5.067403500072547104e+03,6.310444827743826863e+03,-3.023599082387864655e+03,-8.752468393176550308e+03,1.254653044474192939e+03,-6.258702932718829288e+03,-2.361872641358639612e+03,-4.697578008201677449e+02,-2.220886220287829474e+03,3.771519643844300390e+03,-7.363917581399861092e+02,6.824992892954755916e+02,-2.008858025865250738e+03,2.720284356090272126e+02,3.677300554163352444e+03,2.354703612486045131e+03,-1.721715134131791729e+03,3.145919604900661398e+03,-2.703831685053077763e+03,3.908822917759830034e+03,-1.589975258311922744e+03,-2.423341611920874584e+03,-4.053780789875864684e+03,3.915724173314660675e+03,2.690181359373478358e+02,7.597618296606874537e+03,-7.320317221105148064e+01,-7.007121153178483155e+02,9.932490321077932549e+02,-9.477662837952831296e+02,2.085009184676133373e+03,-2.617080747957106723e+03,-1.954065523162930504e+03
2.037884516859811811e+03,5.116120670562846499e+03,2.474867143771516112e+03,-2.559840502738739360e+03,-1.282540551391203280e+03,-6.408918739273648498e+03,-8.610308360257698951e+03,2.801889177604232373e+03,-3.908520561968575748e+03,1.893926435016886671e+03,-2.832160008496214232e+03,1.269548453120136946e+04,5.427452535267983876e+03,-6.983144774330777409e+02,-2.871822352393454366e+03,-3.867792994776938031e+03,6.092593299118927462e+03,-3.452313508732915125e+03,-1.955573362240657843e+03,-3.551942130429403619e+02,-3.495192363165455390e+03,4.610946190524838130e+03,-2.341904530536772654e+03,-7.815697586153185057e+02,1.759451391452191160e+02,1.383415728189755100e+03,-6.044090559665995897e+03,-1.023959603457333678e+01,2.216639769542665817e+03,-2.057602011710527677e+03,-1.114593933593808288e+03,-7.707305913683577501e+02,2.408850839371382335e+03,-2.752835673125701760e+03,-1.618257657001687903e+03,-1.154132949773496648e+03,-6.044408567958109870e+02,7.936312869641155885e+02
1.496621817747216119e+04,2.957752721551101786e+03,-8.573028394163933626e+03,-6.552924154070920849e+03,3.047276069436945363e+03,9.066011477002366519e+03,5.952879475220361201e+03,4.892365341995899144e+03,3.174548097196973231e+03,6.465088392680369907e+03,-2.762329750418151889e+03,-4.038381603044164876e+03,-1.748683770830509275e+03,-6.845398982439492102e+03,-3.777834914710545490e+03,-2.931039534794502742e+03,8.178017644445004407e+03,-3.592091355489812486e+03,-1.222029294031849986e+03,4.656897220564174859e+03,-2.738539399932864853e+03,-3.325086596016907379e+02,-1.131992836987456712e+03,5.301672463796652664e+03,-1.924368608022769649e+03,-3.329855261068033087e+03,1.988881785881256974e+03,9.034432595621614155e+02,4.406563516638622957e+01,-9.407401832912182726e+02,-1.289710219909131865e+03,3.253764588798999284e+02,-1.914713835958273421e+03,-5.926079003188080918e+01,1.253631698703704984e+02,4.650532704646680315e+01,-6.658044267220191159e+02,-2.323850318288819210e+02
-7.124473143078785142e+03,-2.713356559823017506e+03,-3.163330131543435982e+03,3.964234004969214311e+03,3.926876384554705965e+03,-3.226945459600968661e+03,-4.641050409022568033e+02,1.383782557535966134e+03,-7.329762107912911233e+02,4.918236900935052063e+02,3.330475860642701718e+03,-1.658745523800719866e+03,-4.496440976920548565e+02,-1.672639176106238210e+03,-2.306461508208247324e+03,2.494923421269260416e+03,-1.722619009555762432e+03,7.315316449289621232e+02,-1.195290006209325384e+03,-3.853241052266690986e+03,8.016817053613998212e+01,-1.503320659596647602e+03,6.426158846102282496e+01,2.291864392321532250e+03,-7.210853136149282818e+02,-1.675516930841122303e+03,9.870579414928115511e+02,-6.151587404795474185e+02,3.535017502159225387e+03,-2.989858946946264041e+03,-5.459840499012742612e+02,-8.553885490538174281e+02,2.690633825279326629e+03,-4.207670337848759914e+02,1.019481456344659932e+03,2.828197747266381612e+03,9.349720377554590414e+02,-7.072895897902014894e+02
-4.648952928007511218e+03,-5.101288445102792139e+03,4.004934483037061000e+03,-3.484081328532852694e+03,-7.595288287398583634e+03,2.779824043343178914e+02,9.018677434118202427e+02,-4.328798461048256286e+03,-1.768597942443792817e+03,-1.250991133609333929e+03,-2.982004156158181104e+03,-2.331054810782964523e+03,-2.365069604886951765e+03,2.290860737479671894e+00,2.026370884618246464e+03,-8.005726159688182975e+01,-1.364732480681835341e+03,1.814896508343343839e+03,2.907842394802957642e+03,-1.858799284839662278e+03,2.230677662571364181e+03,-4.465158968523060707e+02,4.487288316751040611e+02,6.516398341621326836e+03,-2.262648106953787192e+03,-3.716174084837438727e+02,-4.884917591217023073e+03,7.229253057906932554e+03,-2.239704697059958107e+03,2.204102923062428999e+03,-1.681348689974501838e+02,-8.350789479529287291e+02,-3.424279990051421009e+03,-3.696466036396966501e+03,-4.004029294838863734e+03,-3.633763544726576583e+03,-2.150534858824274124e+03,-1.426489312479253840e+03
-4.520674563651393328e+03,3.777385593325950595e+03,-5.941283020491267962e+03,4.357292597144912179e+03,4.943818187078269375e+02,-3.031134101196209940e+03,-1.290906740050151882e+02,-1.687343434136899305e+03,-1.148619287592590581e+03,-1.185952394574229857e+03,3.613220556159879379e+03,4.944220290511759686e+02,3.503783877669724461e+03,-4.774623097346363465e+03,-3.554998667108754034e+03,-2.347094699279696670e+03,-1.364432442154116188e+03,4.381599938142830069e+03,-4.274777125867673931e+03,3.258583751873245092e+03,-1.228863851057844613e+03,2.545615894139554712e+03,-1.712006074252439248e+03,-8.531515848751247404e+02,-1.598338532689652993e+03,-3.948569730902248693e+02,-9.971512035566742327e+01,-1.379537065584384891e+03,-2.833874815127899637e+03,4.976293112431713780e+03,2.253695809381308209e+03,3.805304319043103192e+02,-8.625411494341927892e+02,4.187589372846820879e+03,-3.692433154448942332e+03,-2.758528510002310668e+03,5.284003107019409072e+03,-3.912112378847987202e+03
3.613580338187181042e+03,-6.572853405869374001e+03,-3.841387386433711526e+03,9.825166980876174421e+03,-5.764965457363813357e+02,5.204643733457930921e+02,-5.781794921160658305e+03,1.978155660258970329e+03,-1.786114722596921638e+02,-3.969707220535400211e+03,1.956826974558452548e+03,9.836381600819771620e+02,-5.057711681606954699e+03,1.003905497694552878e+03,1.174606167585436225e+02,-3.765655821958830074e+03,-1.582844072697597994e+03,-4.277955263021943210e+03,6.580091693134449088e+03,1.464741984101177195e+03,1.924319394841690382e+03,4.720944889134254481e+03,7.522923817660733903e+02,-1.833028890150585539e+03,-3.910980376817521119e+03,3.481524801984376609e+03,7.008071524231904448e+01,-1.765391980986640192e+03,-8.077551851955421398e+02,-6.659578327780280233e+03,9.799042718449322820e+02,1.070743552409826407e+03,-6.791096615730595659e+03,2.103075375024432105e+03,1.766066952002914547e+02,3.153913818241274925e+01,1.030159023294573295e+01,-4.349404319235258072e+02
-9.927035825430641125e+03,-7.860304428230618214e+03,5.047636050616759348e+03,2.595560406684847749e+03,-7.516338939111747095e+03,1.446483320815419347e+03,-6.455186675587384570e+01,3.048691522206835884e+02,1.905591078668896898e+03,-6.507961837966936400e+03,3.028271927764574798e+02,1.963316734673298470e+03,-4.428153825536830482e+03,-4.621385099557318426e+03,-4.847940004897284325e+02,2.221434282447947226e+03,6.696681640544748007e+02,-6.514575564059698081e+03,-5.901464113542017003e+03,3.318537237805548557e+03,-5.944073270038278679e+03,-6.430539613334847218e+02,4.478705936270488564e+03,-2.197527569207351007e+03,6.788486491254647262e+03,9.932799954295327325e+02,2.251385269186384448e+03,4.147092012530797547e+03,2.366410308021961100e+03,1.076159589528939023e+03,-2.066775241452608043e+03,3.273833149583492286e+03,-1.764244565048589720e+03,2.135172544388007623e+02,1.386192981808121658e+03,-1.296627882864131152e+03,1.146707743715907554e+03,4.169996239647627476e+02
4.171969995312433639e+03,-1.215249873015013509e+04,9.032192154118249164e+03,-1.348399659640314167e+04,-1.382119565237055895e+03,1.101536859954667671e+04,4.647084979645562726e+02,-9.135899067185617241e+03,2.371531914093808609e+03,3.122343275061503391e+03,-1.758462664642315076e+03,2.268793052205127424e+03,-8.614341235666836383e+02,2.759790830973010088e+03,-2.145552495256253678e+03,-8.568384481090084591e+03,-2.650306636230444838e+03,5.395869921097095357e+03,-3.230423237762265217e+03,-3.561176979824026603e+03,-3.365482152883691924e+03,2.354891155586230980e+03,2.765931840296056635e+03,-1.909557818514510473e+03,-8.585845781192462027e+02,2.359271289979354151e+03,1.828156400924406853e+03,-3.539658792899608216e+03,5.926754412665279688e+02,-4.191451528548028591e+02,9.486662447780161074e+02,8.016154378089530610e+02,2.664618293006289491e+02,1.251540023861231816e+02,-7.404693987973039384e+02,1.033395072726941862e+03,9.900060864074923472e+01,1.714761123297609799e+02
1.731591300994552284e+03,1.281522529922581271e+04,6.169413026274366985e+01,-6.278504108197153073e+03,1.347785358641344101e+04,-3.625998221613515398e+03,6.005379807238896319e+02,-6.940025926831988727e+03,-4.771110508279515727e+01,-4.432440485042921864e+03,7.425168615046008199e+03,-4.288431508544737881e+03,-8.646626775408167305e+03,4.635531900279875117e+03,-1.799953181953171679e+03,-3.898089464061207764e+03,1.454586940592037365e+02,-1.692370347089025017e+03,6.340005011958241994e+02,8.281115463890043884e+02,2.449417514951989233e+03,7.791967036510633079e+03,8.707134845036132447e+02,-1.316948262007371966e+02,5.316679777761303740e+03,-2.782602308439092212e+03,-1.377874641737540969e+03,2.365853617704519365e+03,8.268133113021601730e+02,1.553102566215399065e+03,-7.881135159787079374e+02,-5.247356591427258081e+02,4.951869112914379798e+02,-2.940368221162885334e+02,7.115538727229085225e+01,7.617481927344313135e+02,-1.277354437409133681e+02,6.330909644697215981e+02
-6.396829327905690661e+03,-8.307116709857740716e+03,3.245411259165499814e+03,-1.402909392138574503e+03,9.891579369418481292e+03,-2.024888480182372177e+03,1.756509787615911819e+03,7.324307316589022321e+02,-3.683377987139296238e+03,4.054070067656645733e+03,-3.059209147431768088e+02,-2.667686533416017483e+03,-9.009385457692145565e+02,-3.934725333959746422e+03,-1.611578758808740304e+02,6.849617644590724694e+02,-4.854252705937020664e+02,-4.646650805966382336e+02,-2.427348690072070667e+02,3.531503006329079994e+02,1.768709262675889931e+03,-3.903229212496600667e+03,-1.647822156235218472e+03,-3.435002866143798201e+03,-1.586601809071790967e+03,-1.552645300848159422e+03,-3.178572038758783492e+03,-3.474181975848913453e+02,1.448655651876986440e+03,3.273583033512115321e+02,-1.548995073421236611e+03,1.217558070170003475e+03,-1.047143053690839906e+03,4.102157074645906505e+03,-5.124694070205639036e+03,-3.982480441269752873e+02,-2.221129073271605137e+02,7.720673724415425568e+03
-8.579410152996857505e+03,2.938585961140514428e+03,1.678614321769962544e+03,1.521470401000919082e+03,-1.231102767021673799e+03,3.776130223708032645e+03,-1.940096795737614684e+03,-7.305950116035519386e+03,-1.250768797083739400e+03,-4.643852660795162137e+02,1.428322330918551643e+03,5.555893412556205249e+02,4.401558761192756720e+03,-4.991697877275354358e+02,7.411247199911899770e+03,1.440923444309431943e+03,4.186269710864791705e+03,2.664844427982381148e+03,3.481586295544732820e+03,6.539007521485189500e+03,3.868586786197488436e+03,1.326258233106385660e+03,-6.990405168598525734e+02,7.286704187208080839e+03,1.427365522331506327e+03,4.819072355135055659e+03,4.033978349425910437e+03,-3.828988390753114800e+03,4.751612892739727613e+03,-2.833688903024176398e+02,-3.432387806665408789e+03,5.155115749496071658e+02,7.992569897588035701e+02,-7.416806501550328221e+02,-1.439573558986056469e+03,1.817059626219723043e+02,1.549663247707744631e+03,1.155892371270029344e+03
-4.168407524149035339e+02,-4.110491891934500927e+03,-5.865571044843070922e+03,5.478063582933191356e+03,4.957411224667174793e+03,-5.565976038953602256e+03,8.044997928212460465e+02,1.165714484897815964e+03,7.462277349998685168e+03,5.636366946911554123e+02,4.536643780309324939e+03,-7.410691652536267782e+01,1.855003100312037077e+03,9.194616940923759103e+03,1.077716663352343176e+03,-3.649276013526031420e+03,4.022852627056530764e+03,4.321780763194160500e+03,-4.652827480007837039e+03,2.505243954783316894e+03,-1.731951719897916746e+03,-6.218519975966683887e+03,2.737732342034166777e+03,4.235043747539330070e+03,-5.575455263519586424e+02,2.781086706245083406e+03,-5.500113372938040811e+03,1.479372384408904736e+03,1.006507161378409251e+03,1.226190856866422081e+02,3.751219832036386833e+03,2.629865426945498257e+03,-1.706363377017806897e+03,-4.439875376882451974e+02,2.587803928997124785e+03,1.785996013398652394e+03,6.304953146217776521e+02,9.693811119938029606e+02
-5.001997828486311846e+03,5.446663417044988819e+03,6.121773968182254748e+02,-1.455254834229907374e+03,4.828512982119253820e+02,-3.019497309439972014e+03,3.461575546977979229e+03,2.998054594703829935e+03,9.592616582601676782e+03,9.733417390282116685e+03,-3.175803292346753551e+03,2.979493736489609546e+03,3.622666505255540869e+03,-4.164079010791529981e+03,5.100768813596650375e+02,5.085595754630976444e+02,-2.085578958420425352e+03,4.623463836001761592e+03,6.562134367645021484e+03,1.328149295002761619e+03,2.115987522206391077e+03,1.683344637244638307e+03,9.650080325485041612e+03,-3.650557498075220337e+03,1.899890256055253758e+03,-1.098323768532783106e+03,-2.052602480746152196e+03,2.534679499097857843e+03,-9.151295371780487358e+02,-2.127533557871940502e+03,-3.360488393972635549e+03,-2.911894625385301651e+02,2.649739942634005274e+02,7.936780929082530065e+02,2.087627955963726549e+02,1.143995167953109330e+03,1.324939448177077793e+03,-1.406467250559151580e+03
-9.552331968737722491e+03,2.720985614628761596e+03,4.061385075799580591e+03,5.550804725924490413e+03,2.161702430045820165e+03,-2.267397122565839254e+03,-3.979513229114817818e+02,4.023204773871015618e+02,-1.788272979052312905e+02,5.382587241149318288e+03,-3.499467068624781859e+03,-2.230346440820715088e+03,1.341223738437744032e+03,-2.697515920972941785e+03,-1.126769143604467217e+03,-1.279480816670082731e+03,2.521299163475297064e+03,3.963365566811930421e+03,-2.398977456859061476e+03,-6.515727309860170863e+03,4.409656445290200281e+03,2.802910104010986288e+03,-4.779083364862596682e+03,-1.767480589159891679e+03,-1.224876196529099133e+02,-3.832084800095195078e+03,3.569168265505994896e+03,7.283093294920412291e+02,2.997370390297215636e+03,-7.280006363980373862e+02,1.576159068798862108e+03,6.853475746252242971e+03,-3.002166246374034017e+03,-3.261760622782571772e+03,2.828657388649417953e+03,-1.374434299125940470e+03,-8.034673020995995785e+02,-9.222451824091771186e+02
-8.932525479812924232e+02,-1.141100099052474661e+03,-1.995883998193532079e+03,-7.555126934324084687e+03,7.151492680561574161e+03,-8.128372746572688357e+01,4.682616094414015606e+03,-4.495568155296905388e+03,-7.482727643162196728e+03,2.438457953049623484e+03,2.730704185370901996e+03,-9.442212346806365986e+01,2.031224518065202119e+03,4.866829852391480017e+03,-1.848963942651505704e+03,1.239057291375142086e+04,-2.350323156996210798e+02,-1.168983145501331592e+03,-1.090224741425686716e+03,2.469563979044200551e+03,-3.714196892101042522e+03,1.641014793754754010e+03,1.580659388587193916e+03,-1.989470102842245524e+03,-4.949124668197853680e+03,2.262926912244587584e+03,-1.515821335373799002e+03,-1.121800206127231831e+03,-1.283793819556602330e+03,-1.526148100148551748e+03,-2.323191519861403776e+03,4.611421597352759818e+03,7.789245559071555647e+01,2.728312004734974039e+01,6.658731602867557058e+02,-7.798875068960024919e+02,-2.694467226008845955e+03,-3.352602403706045607e+03
-6.162258464993808502e+02,-6.948756766858185983e+03,-2.061514994466369444e+03,5.189511727341425285e+03,3.738763982349026378e+02,4.638377124731773620e+02,-3.322900238190304663e+03,-6.967962251068993282e+02,-4.877985874750222138e+03,7.493680601536339054e+03,-1.754495253726553528e+03,-2.816304782178837741e+03,4.883330703379813258e+02,1.274336164494716513e+03,2.349455443922369341e+03,-1.797129178295408565e+03,7.625429275992021303e+02,2.620928997300208266e+03,1.271764656145558774e+03,1.047532467068879214e+02,-1.445097510086001648e+03,1.812826380961082123e+03,-2.010774223075317877e+03,1.266479529876228753e+03,5.087641618547084363e+03,1.525598772585662800e+03,-4.941709745763806723e+02,1.129356129376812305e+03,-2.526314594468198266e+03,8.963800801906839979e+02,-8.224595757380054692e+02,-2.745245759970562631e+03,2.247723945982229452e+03,5.739376962988073501e+03,6.111404252072553390e+03,-4.659180800020754759e+03,-3.936415871808926113e+03,3.255888540496260362e+02
-1.033934731750280298e+04,4.340834232672053076e+03,3.010910201494167723e+03,6.072656498048324920e+02,4.664796112251204249e+03,9.025941088493185816e+03,-2.676388534558255742e+03,-3.038347769950499696e+03,-6.417470858815958081e+02,-3.283309855645296921e+03,-9.903980649796822036e+02,4.111463237353532350e+03,1.656189837304432785e+03,1.900302658556997812e+02,3.978811500105163304e+03,-2.168750310819054448e+03,9.695025583837548311e+02,1.609153303453045510e+03,-1.671683832505071905e+02,7.079372525007795957e+03,-1.466786207566082680e+02,-2.726918814548204864e+03,-4.177341742342515317e+03,-6.221171527320511814e+03,-4.908506936323556147e+03,-2.701601823040744875e+03,1.921932532693848771e+03,6.740099462621094062e+03,-6.278886046033015873e+02,-1.165977772288439610e+03,2.431144636344279206e+03,-3.239735737030617202e+03,8.663347660607389571e+02,1.609147165896152671e+02,1.614632227804421973e+03,2.605860554382053124e+03,-1.336605867654719304e+03,-9.574003739323514992e+02
-3.612069670566290370e+03,3.959792891292865079e+03,5.384264184769996064e+03,-6.315243484602320677e+03,-8.003374002733829911e+03,9.103552387211400401e+02,1.600780655337659255e+03,3.119593452484620684e+03,4.200293291897583913e+03,3.165406678297320923e+03,-3.645712038302166093e+03,-6.720272891448176779e+03,-6.912406112804801523e+02,-1.027919359493072079e+03,-4.529513889679618842e+03,3.463814864959233091e+03,-4.096853339348055670e+03,-2.555895556910039431e+03,-2.056332443471325405e+03,3.136761042517928786e+02,2.409177634768911958e+03,3.521813660767594683e+03,-7.012355272498501108e+03,9.326352203477650846e+02,-2.913893307260059373e+02,8.042203685591586691e+03,-3.805079887944973052e+03,2.168137108998559597e+03,6.109830986886428263e+02,2.880767500267200489e+02,7.835906239662178905e+02,-1.077673897292141874e+03,2.904520984230787235e+02,1.771071500409464988e+03,1.971782252288485552e+03,4.504729530429062834e+03,2.093845657188759560e+03,2.799280019406264728e+02
6.094377137854713737e+02,6.483259115530640884e+03,-5.202221507520258456e+03,-3.912304439481922600e+03,7.451529588085907562e+03,4.126209900875752282e+03,-5.895795286171252883e+03,5.445418069977314417e+02,-3.179404442317324992e+02,-4.205025312890761597e+03,2.307701631413712221e+03,-4.279250503287410652e+02,-9.491384851111204171e+02,-6.692403477430319981e+03,-4.541911669981456726e+03,-9.526615765060458898e+02,1.195064637922342399e+03,-1.021225568200532507e+03,2.594841167088032421e+02,-5.407536850839279396e+03,4.576483344671893065e+03,-7.663656722573401566e+03,3.672620163096689339e+03,-2.212815281944448088e+03,-5.086740133094572229e+02,7.745212742527729461e+03,4.842308622164119924e+02,-7.943649350703360312e+01,3.113437268814122490e+03,2.339403286201405535e+03,-9.499815282744293654e+01,-2.174534202781130716e+03,1.610237961622021032e+02,-3.008619469395352439e+02,3.987096435462282784e+02,-1.917574024454779419e+03,-2.665677278365148595e+03,-2.228253780504487167e+03
-3.085113189871969098e+03,7.447765553019987692e+02,-4.241171746086468374e+03,-3.165035871595053777e+03,-2.480643993906815922e+03,-3.491741530164516007e+03,-2.105160318014814493e+03,-2.130316041013270933e+03,-2.558632966502987529e+03,4.895243406604036863e+03,1.375601389048530564e+03,1.007652961959469053e+03,1.398191077460143106e+03,5.083209397262091443e+03,-3.179944481084074141e+03,4.858489541592081878e+03,7.608353872555849193e+02,-8.639571055393045071e+02,-1.166515536603089345e+02,-5.249825597109555929e+03,-3.868468674365431070e+03,-1.878032843510892747e+02,1.683566921904317269e+03,3.284072494978257055e+03,1.062060181681619270e+03,-1.813100341003312451e+03,6.073733031586330071e+03,3.981704051645293930e+03,2.699478545070668588e+03,-3.954346599202801372e+03,3.802314510680763760e+03,-5.551572514207123277e+03,-1.712535789958932355e+03,2.365161982715541853e+03,-2.896427745427169157e+03,3.179710089706445046e+02,1.524246806759223546e+03,3.929184292273053529e+02
-4.660021373638331170e+03,-5.845678689644749284e+03,-1.836946319930403433e+03,6.086691087217281165e+03,2.106633485500260576e+03,-7.878242243438836567e+02,-4.451039915234800901e+03,1.847271601550100740e+03,-1.667693317320767846e+03,2.800123866399565941e+03,3.607162471998269666e+02,-2.678010579249029888e+03,-2.113971528478176879e+03,-2.170653907530813285e+03,-2.481268104892976396e+02,-3.009573477728233229e+03,-6.220751321369515381e+02,-1.400893340156148270e+03,-1.036766913711483767e+03,-6.667337569464243643e+02,-1.161936613720510422e+03,-2.728872421984071366e+02,-6.561915165883788177e+02,1.989858529394952029e+03,-3.063550240458558349e+01,-1.015930151735444383e+03,-9.779553512772188242e+02,-2.821540252755049551e+03,-1.060486842121227937e+03,-2.809143369391674696e+02,-2.007596707071011451e+03,-7.166849243791542676e+02,1.028355646210823352e+03,4.642102803871915739e+02,-1.436957961286073214e+03,8.670469110137665893e+02,9.446741290854361068e+02,-3.631024351346134608e+03
-6.500955272203734239e+03,-6.051422981184538003e+03,1.446838912869542781e+01,-3.775548096379978233e+03,2.352552771412167942e+02,-5.155922028212846271e+03,1.617386775568718804e+04,-1.614014567683102769e+03,6.433017828393695709e+03,-1.776050549086122146e+03,4.316233339078049539e+03,1.277186208348126456e+04,-4.126020043290713147e+03,-1.510543604491531596e+03,7.023441554459138843e+02,-3.507896173837326046e+02,2.084762542062436296e+03,-3.381339357199726237e+03,2.782175829324501137e+03,-2.688720156302551459e+03,2.725130451732316942e+03,-1.766115629850522510e+03,-5.348502754687681772e+03,1.124066114267522835e+03,7.360384998266007415e+02,5.134132938345027242e+02,1.092233626891129234e+03,-2.359304199832523409e+03,-2.295628393975397557e+03,-1.812039994663447544e+02,8.253754750023015276e+02,-1.386342215861258637e+03,7.527709078620540595e+02,1.040157584146080126e+03,9.196104946387428072e+02,-1.020782074042230533e+03,-7.394264834428906852e+02,-9.955342754578799713e+02
3.199078751301211469e+03,-5.090993408054650331e+02,-3.325404111030349668e+03,-7.249835653256850492e+03,1.702803571290957734e+03,4.345181553233845989e+03,-6.182125215804538129e+03,-3.037226838247315754e+03,-5.824461618160512444e+03,-3.523096264671616154e+03,-1.619056726526241619e+03,2.809113150109761136e+03,-1.186905809426003316e+03,-3.697430095584497849e+03,-5.470153394869241765e+02,5.260762841687004766e+03,2.330964014845963902e+03,4.385729134774889644e+03,5.414033192844784026e+03,-2.138181750857132101e+03,-1.771552472419330570e+03,-4.195897222447134482e+03,-2.421248381097777838e+03,2.041774130381779742e+02,6.022002598960096293e+03,-2.146336158157118916e+03,-2.939784625225949640e+03,-1.836517135530930318e+03,-5.316932493444592183e+03,-5.430429214166028942e+02,8.072481140665807970e+02,7.797966965126660170e+02,-2.914316768484925888e+03,-1.783323431718612710e+03,2.840926952012814127e+03,2.462292728004815217e+03,4.517765661863229980e+03,1.068856641270525643e+03
1.320463426884607998e+03,4.214943323444238558e+03,-9.288886885878042449e+03,8.172489134669064015e+02,-2.979910091504318643e+03,3.895385949887870993e+03,2.756168852522735051e+03,9.037299097434216719e+02,1.347061817860452777e+02,-2.038742594526615449e+03,9.750365701470523163e+02,-2.574487825215276189e+03,-9.236944564237518307e+01,-2.182216268186330581e+03,7.937631098337085405e+02,1.435257466122716039e+02,-1.296482299408178278e+03,-2.897691858009158068e+02,2.343036016907794419e+03,-4.701855840899099803e+02,-2.893881636391650432e+02,2.074286584321645478e+03,1.810372652795636895e+03,-6.830562851548693288e+02,-1.025982042315559511e+03,3.298035897703411138e+03,1.388696995298449337e+03,2.013733810716735206e+03,-2.986203767067344415e+03,-3.349401214716916002e+03,6.029744327718051863e+03,3.779515801001637556e+03,6.918265603365670358e+03,-2.247970554936483950e+03,-5.294162039476576638e+02,-4.167429132914289767e+03,1.998830305317057082e+03,3.737836148932844935e+03
6.122128440276200308e+03,4.890021228834883004e+03,-1.642656479097585631e+01,-7.602139543414754371e+03,-1.058529344796294026e+04,-6.977639681166342598e+03,-3.454983172180099700e+03,-3.749649860108268513e+03,-7.644750701379867905e+02,-7.523079928017890779e+03,-1.511209756894513475e+03,1.186115393318815677e+03,8.405409654107317010e+02,4.990134145712723353e+02,-5.387852866311535763e+03,-2.964527105396953175e+03,-5.337369542996509153e+03,1.203352348010064134e+03,-1.534821594562834207e+03,2.311746126806790016e+03,4.085884195811603149e+03,-4.842080224119331433e+03,1.029281947215179827e+02,3.285254892826846117e+03,-2.927855195297896898e+03,-5.319551941377673757e+03,5.465412684560543539e+02,2.319158361682963232e+02,4.978918596972367254e+02,-3.688787134296579097e+03,-3.679771338437331906e+03,2.746083703968904956e+03,2.173332791008299864e+03,3.727446264346151565e+03,2.477195342478432849e+03,-9.782886167023178814e+02,-3.874384904458507890e+02,5.056160123244906686e+02
1.156751825789994109e+04,-3.457381980064267282e+03,6.429127014526025050e+02,-7.736811033019015667e+03,-8.664984896071250660e+02,-7.730625541417100067e+03,-2.197515306359894566e+03,-6.942176801563670097e+02,7.103260892195154156e+03,-6.043929527276565750e+03,5.937895146768041741e+03,-6.141466283075777028e+03,5.400128230348615034e+03,-7.225428822022619897e+03,1.285739062444389856e+04,1.847145260320294256e+03,7.513516456854167700e+02,8.913432247223678360e+02,-1.220455714900853764e+03,-4.082200542983955984e+03,-4.185206141700890839e+03,2.523490149930229109e+03,-1.642403290097450736e+03,-2.048903432671712380e+03,-2.322244651725689437e+03,-1.031977912891410824e+03,-6.572322663201066462e+02,1.425354190923673912e+02,1.326289926737407995e+03,-5.875072206032045870e+02,-3.148120902609690006e+02,-1.316746559873368824e+03,-5.081452320274652266e+02,6.255782149217656070e+02,7.685249969131858734e+02,-3.637727424162017442e+00,-6.446143603395723858e+02,-2.706200187804860775e+02
