6.045255080061998342e+03,-2.684241344308255975e+03,-7.640041826614372440e+03,1.321929447790499762e+04,-8.188918428118362499e+03,-1.233118589433210764e+04,1.628168290610889926e+03,-6.729210276716900808e+03,-7.164349057152937348e+03,-7.357241687127446312e+03,-5.774581725266252761e+03,2.956072260683110926e+03,1.360292403228725789e+03,5.518403602188358491e+03,7.255795297510895580e+03,5.106539856447470811e+03,5.189181032015691017e+03,-2.907781730580893054e+03,-2.645416133470664590e+03,3.030685984665987235e+03,-5.138177676800306472e+03,-7.417499671586582508e+02,-1.804848861384164820e+03,-8.389152022479329673e+01,4.074392375204857899e+02,-1.168270716430710081e+03,3.682142655563957305e+03,7.199289129265854399e+02,5.445736867956148899e+02,6.677902891140166730e+02,-2.072693199514028947e+03,4.693574147473838707e+02,-3.849353141992287988e+02,-4.482875181811285756e+02,-3.748777466132953577e+02,5.816858428517167567e+02,2.082587414494100244e+02,-4.316251770707019375e+01
1.330514965835271869e+04,2.482935532046148364e+04,1.658304605804868334e+04,1.124273699217013564e+04,7.570224570231670441e+03,-8.684952639025961616e+03,-1.239693181524259899e+03,3.581617109635350971e+03,1.651094909840739774e+03,-3.263829526663242177e+03,2.768165323743581212e+03,-8.570646741776610043e+02,1.190857970811410951e+03,-1.015060237654223670e+03,2.501692108815579445e+02,-3.821376297321279708e+03,-1.305879738577911667e+03,-2.096210761124739292e+03,1.450731526997299625e+03,-1.660670987758713864e+03,6.296589252927176403e+02,1.597583508850174439e+03,-1.719119980391516492e+03,1.076032924895219367e+03,-3.211478401951563683e+03,-5.666084959531956429e+02,-5.045659564265836821e+02,-1.852105259733605180e+03,1.978371992967891515e+02,-1.153004864302444759e+02,6.127170557737026684e+02,1.904186685286240674e+02,1.309049946845122179e+02,2.623809825576652770e+02,1.206451983296128958e+02,1.115658935184487746e+03,1.332248963105415100e+02,2.458527875597084460e+02
-2.021467889547957157e+03,4.416110958683586432e+03,-6.931646116226555023e+03,-8.957982525326722680e+03,-1.034997524652958418e+03,-2.379078909050306720e+03,4.745943016084846931e+03,1.449893112971500614e+03,-2.774112038848747019e+01,1.351696012407931846e+02,7.458577125747468926e+03,1.187087553098777789e+03,-1.960372797303441757e+03,-1.162008670286280676e+03,-3.545396461075944899e+03,-2.687244320891823918e+03,1.585860927305038786e+02,-6.019183272443283386e+03,-1.435689304801073149e+03,4.932714927582021119e+03,-3.333994564222284680e+03,3.597365350724716791e+03,-4.675620275501058245e+02,-3.652216340225751082e+03,-6.497234885604713782e+03,-7.900216273816672583e+02,-1.108934532081932048e+03,2.474813302657103577e+03,-1.736284116009817126e+03,8.435530513281692038e+03,-2.839528841380110407e+03,4.910316894594882342e+02,-5.077416322889144794e+03,1.095275986777734943e+03,-2.117742651353837573e+03,1.016085218841853589e+03,8.221698780793873595e+01,1.401572980145308975e+03
5.451705720481747903e+02,-6.570483570463146634e+02,-2.657878627592966495e+03,-4.302593530717403155e+03,1.482379334861414009e+03,-6.239758373453402783e+03,-9.704288918926798715e+02,-5.748004456872357878e+03,6.967777227915649746e+03,1.621125534682282478e+03,6.298298843982180415e+02,6.112552265130397018e+02,-4.867807243550296334e+03,4.852538672859932376e+03,-3.426415940256659269e+03,-5.354477038368583635e+03,3.230518301644593066e+03,4.589477398563934912e+03,-4.523592832190875583e+02,-8.953519003616679584e+02,-3.991452670694710378e+03,1.583969685269992397e+03,6.296416525991640810e+03,-4.255473985205082499e+03,-3.036920048814195070e+03,2.170926125731005413e+03,5.229361324252351551e+03,-5.271732757873331138e+03,7.042605343580084991e+03,8.741629774167960250e+02,1.221228578441977106e+03,-4.177638065288119833e+03,4.344412064256096528e+03,7.854799217827096527e+02,1.210094012467115817e+03,-7.315702322556518311e+02,-2.857034423577425741e+02,2.258518717427947706e+02
5.393827329014828138e+03,-9.733539069453527190e+03,3.233182217775430217e+03,4.439459810718222798e+03,-6.932760311730061403e+03,2.473888668000484813e+03,-1.096740767743640390e+04,-4.487445855556267816e+03,4.359174941259230422e+02,2.068823072263709037e+03,7.248970606526372649e+03,1.266986601186056578e+04,1.027271185031450295e+04,-4.311114050208214394e+03,3.671054782896662232e+02,-2.321931551864257926e+03,-6.002490799712902117e+03,1.180133876253142034e+03,-2.878114003166574548e+03,4.327643530706693014e+02,-1.295674193075840549e+03,4.203078900807766331e+03,2.821511739150191715e+03,1.263888450370527153e+03,-6.393115177777643794e+02,-3.029144020089533569e+03,-2.441838566632402035e+03,9.844915959402318322e+02,3.804852874816129315e+03,-1.201370701540768778e+03,4.223397543391446902e+02,8.283810719016445319e+02,-3.957772367881318587e+02,2.163656024128836179e+03,-5.591255321761050254e+02,-4.414403848066496607e+02,7.165523720506698737e+02,1.807196070529569397e+03
3.892420670308733861e+03,-8.487514913837509084e+03,5.848289332503535661e+03,3.445525343724916183e+03,-6.495519202818223675e+03,3.502693141075834319e+03,-1.892366941352155436e+03,2.552061874435220034e+03,-2.946641838762152929e+03,-1.787355807336771250e+03,1.509894892331997198e+03,1.616853296943836312e+03,-2.800276561369892988e+03,-3.727182289332842629e+03,2.698594565638226413e+03,-1.484987460491835009e+03,1.641858357521418384e+03,1.249227447953925321e+03,5.004560259100753683e+03,-2.236472316204891285e+03,1.997596128305357297e+03,-4.547621204439576104e+03,1.103075197517781817e+03,-4.556374163119191508e+03,-3.366895607363230738e+02,2.107800634190996334e+03,-3.393454382871636881e+03,-5.716118976911588106e+03,-5.724884401159732988e+03,1.782600004152809788e+03,-7.959425692285825789e+03,-4.888806435196233906e+03,2.372460125871534274e+03,-6.131151058448057256e+02,6.840223535057184563e+02,1.010723098292161581e+03,2.160167529858247804e+02,2.611048085698880641e+03
-5.692917962146198718e+00,-3.579031363667276764e+03,2.564462440498912656e+03,-4.925963290915139623e+03,-1.635236592214079792e+03,-1.207727733167851966e+03,1.044760119758690507e+03,-1.194138041978669207e+03,5.673061407598681853e+02,-1.373244273591727278e+03,-3.589557285591087293e+03,-5.457082088206760091e+03,-1.460619235997902933e+03,1.637446275168835882e+03,1.499236053336210261e+02,-4.080029516764436721e+03,1.480472735900720409e+03,4.547700928202248178e+02,1.089052577432866201e+03,-4.374601887292842548e+03,-1.092681871655932127e+03,1.066319258632759556e+03,2.031046928198151818e+03,-1.540862859490236588e+03,1.016035803903652948e+02,-4.163737520323079480e+03,-4.736105970022076121e+02,-1.349718049944901850e+03,-1.328348177545224416e+03,-1.254480936197192705e+03,-3.314858685249221708e+03,9.527970785688708929e+03,9.328319766529838262e+02,6.343642382639146490e+03,8.706321125953362525e+02,1.347071536122513180e+03,6.583350966983898616e+02,4.218468047697401744e+02
1.158241688208567393e+04,-3.611370442169671151e+03,3.262815313886335389e+02,-4.486491649562825842e+03,3.743659006540486644e+03,8.326717873497051187e+03,3.250155470785616217e+03,-6.642564114490747897e+02,4.762748742554365435e+02,3.017020625488253813e+02,6.222451030495940358e+03,-9.117362568537088009e+03,2.944532441781751913e+03,1.784648175592393045e+03,1.289560135482168698e+04,1.761657532040865135e+02,-3.527612923526454324e+03,2.902762333957983856e+02,6.617283991438335761e+03,6.912673509890339119e+03,5.733029413493189850e+02,2.633891017761263811e+03,3.570996773141809172e+03,4.925054519960791367e+03,1.781083731903826219e+02,5.820667432146169631e+02,5.689166025568040823e+03,-6.642575213097463802e+02,6.346245539166902745e+02,9.067000805840839348e+02,-2.553403379957009065e+02,1.519312708178841547e+02,-3.957798816991677313e+02,-1.181468624537203596e+03,2.062670150147777974e+02,-9.355268567496652850e+02,7.423128062374020146e+02,8.748368175833725218e+02
-8.319885298071823172e+02,-1.838646299012460986e+03,9.134088962211098988e+03,-1.729542005534847931e+03,-2.809237925901735252e+03,7.511949337438401244e+02,-6.841340556262451173e+03,2.587600379576251726e+02,1.898568444482145196e+03,-7.023939478605186650e+02,-8.593418904629422173e+01,-2.545955890285306396e+03,3.083277615877674407e+02,2.031989603910359392e+03,-7.889681973783173135e+02,1.013032205584546318e+03,2.893590278883729752e+03,1.485765715069577482e+03,1.798528229029922159e+03,4.914386813251857120e+02,-1.500935879357517251e+03,-1.825892320958311302e+03,2.554157063832326457e+03,-5.651115968856685186e+02,1.460177466687923015e+03,-2.930043838619863891e+03,3.351105407303707125e+03,2.840308404899425568e+03,-3.837246338994736561e+03,-6.890018426026971383e+02,-7.278204550181675359e+02,-2.933440279470414680e+03,-2.593386608204055847e+03,5.799581918868683715e+03,-3.725140156896378812e+03,-2.153844501390006371e+03,-1.195865774146390777e+03,-6.410759312581691120e+03
5.132093041978351948e+02,3.502154052568404040e+03,-5.802704829095617242e+03,1.567173202950670020e+04,4.471451690125411915e+03,2.059072089637910540e+04,-4.583431669900662200e+03,-6.542012171435724667e+03,-6.670281468021232740e+02,3.024914143721759956e+03,3.455437545000705541e+03,-1.277802172225165577e+03,-8.793582328847805911e+03,5.915625648359976367e+03,-3.918890217594579099e+03,-2.247851206674617515e+03,2.551394319661299960e+03,-5.559579412734810830e+03,-2.492193530336616732e+03,-1.757660575561447160e+02,-1.318990724255691930e+03,3.838225765296932934e+01,-1.540271338483359386e+03,4.519997168505479408e+02,-2.814682772077280219e+02,-5.243834972288226481e+02,-1.648596497022672054e+02,2.305304040308160722e+02,2.179480438275688812e+02,-7.086669478031473091e+02,-7.748850261540583233e+02,8.333128033824789327e+02,1.879223274884037664e+02,3.934779858563890684e+02,7.611007794718995001e+02,-5.519884063436563792e+02,-2.669217180594326351e+02,-1.559251884274868019e+02
4.420368146819211688e+03,1.347462963870807107e+04,5.953600102201037458e+01,-5.475218927204153260e+03,-1.329024565807646286e+04,5.873559340122680624e+03,-8.940714185704007832e+03,1.002353390660330479e+04,1.555245140804010134e+03,3.355919365131464929e+03,-8.023547637676149861e+03,-3.320971277385127905e+03,1.585296596420930939e+02,-3.698455163765600901e+03,2.423255244791039331e+03,2.874095594642565175e+03,4.022841329452787249e+03,-2.196570297316690812e+03,-5.884456921083962698e+03,7.250560010026300006e+03,1.018386621142154468e+03,1.559523261095671671e+02,3.747981362068363978e+03,-4.097149202294200222e+03,-1.848752618170686901e+02,4.497204955249007980e+02,-1.331511193974992239e+03,1.749828846187939234e+03,2.463943257185217135e+03,-1.291146134819908639e+03,-9.474733190444250397e+01,4.716566587358740321e+02,1.445776896932175305e+03,-1.945337217537240122e+03,2.331096528935365313e+03,-1.380678573329017240e+02,5.001407737261250475e+01,-2.172291906116961968e+02
-8.366538296834451103e+03,-7.928896339688819239e+01,-2.360695271682739531e+03,1.947523015230602368e+03,-4.246828114016008840e+03,3.940297560129517933e+03,5.387900691623300418e+02,7.384315634318861157e+03,-2.080584312308065364e+03,-1.212235670590078840e+01,-3.183704649945497295e+03,-1.876956547824764357e+03,6.643249182607455623e+03,1.091348573000409715e+03,-5.802031136420537223e+03,4.179222553121583587e+03,-7.434032768599846349e+03,-2.475996859290779867e+03,-3.366550863197101535e+03,-3.118530805172359237e+02,1.479485343173591218e+03,-2.840685538762452325e+03,-2.829717135904633324e+03,3.056926377560206220e+03,-5.189699570983284502e+03,-8.644289624474205311e+02,8.240207871207372591e+03,-4.381751422436323992e+03,-3.208842657026452343e+03,1.032506781384168335e+03,2.695367733242987470e+03,-1.984221069904463548e+03,3.493388426173162316e+03,3.347137276986648885e+03,-9.566651055311693881e+02,1.867361139222966813e+03,-1.198982910252490974e+01,1.609551587797911907e+03
1.011203883155362405e+03,-1.108266188208737958e+03,3.911987529309686124e+03,-3.298186944426070113e+03,1.411607485201690452e+03,-1.648590254354022136e+03,4.827843826570323245e+02,-6.206168615260447041e+03,-3.116125270378936875e+03,1.405202921797851729e+02,2.841025620431459629e+03,6.331519624111452913e+02,-1.648063019522322975e+03,3.834515954098581005e+02,7.680626424944217661e+02,4.047313969228621318e+03,1.390756518200961636e+03,-2.036220942091085817e+03,1.898147151756967787e+03,1.082146265009756235e+03,-9.760376694260553450e+02,8.706271306502816287e+02,1.321304037589101881e+03,1.280999203469813665e+03,-1.611917343125896309e+02,-2.863555840989722014e+02,-4.965029677709211683e+03,6.727667260909748620e+03,-4.081928410901679399e+03,4.200886027704816115e+03,5.352625328920973516e+03,-1.426932001843855687e+03,9.742942643353249878e+03,8.134978043541968873e+02,8.267960797199109493e+02,9.477958311328679883e+02,-2.755625269059499715e+03,-3.794262781934764348e+02
6.956581212104798396e+03,-8.513703703752527872e+03,3.801405176340300841e+03,4.902558998142894211e+02,-1.098855594753644482e+03,-2.488755646826642533e+03,9.326632613673356900e+03,-2.577947443915821168e+03,-4.947308845690969065e+03,1.488976437223756875e+03,5.329102349463584687e+03,-6.780856375068359739e+03,3.694496518679866767e+03,-1.198713465762993025e+02,-5.022497198183688852e+03,-1.046227613013077644e+03,8.846285972463964526e+02,-1.174867137765216739e+03,-3.231666750142946967e+03,5.663418072478209069e+03,2.275257350748364843e+03,-7.457412024711175036e+02,-4.066798207715921762e+03,-4.345279308526425666e+03,-1.665195906247265611e+03,8.101170427889136590e+03,-2.214974067677809217e+03,2.385627465820614816e+03,1.686141964615358802e+03,-7.532951904724166525e+03,4.833463288402389253e+02,-1.218424176225655856e+03,-4.825642381166011887e+02,3.359772831750110072e+03,7.708855899519901413e+02,5.366336989148589964e+02,8.466212618533828618e+02,-3.174377796059537218e+02
3.736894842096197408e+03,-9.998431667454313356e+03,2.430061566200191919e+03,1.685143160955669828e+03,-5.846591823551289053e+03,1.872993673981967049e+03,2.869431758175040613e+03,2.105321337922020120e+03,-4.744274663841990332e+03,-1.045962494944529453e+03,-3.644695498288545878e+03,-2.675123428661994694e+03,-4.468537662240327336e+03,1.827803443336793521e+02,4.400311231535627485e+03,-2.696706802856644117e+03,-8.814306893517757544e+02,-3.543664015252233185e+03,1.448000063749658466e+03,-6.034803150191392888e+03,1.632034452266417929e+03,-7.611245594287946687e+02,2.947369181437445150e+03,-4.422289390097371324e+03,-3.688330812995871383e+03,-2.062764906503298334e+03,-3.151833398013274746e+03,-3.228032724209946537e+03,7.014022761029582398e+02,3.591427093435216875e+02,1.030463860842032591e+04,1.024331191243011517e+03,-3.524189095324241407e+03,-2.170175281296460525e+03,-2.134006029946327999e+03,8.495890766345247584e+02,9.637112214356696995e+02,-3.736675143227403737e+02
6.449550624844281629e+03,-2.425214380095242177e+03,-6.372531862471222666e+03,3.388678874509696470e+03,-5.097878718564550582e+03,-6.238235938243651617e+03,-6.176360943039633639e+03,-9.092094055820298308e+03,1.428954401040885750e+04,6.812885593901453831e+03,-2.355988332618409913e+03,-5.409658514820172968e+03,-5.317584052506096668e+03,-4.298088192904917378e+03,1.638049732598716730e+02,3.231734109769946372e+03,-4.514574801865307563e+03,5.478051345400450373e+03,1.972489690774472820e+03,1.662198820018121978e+03,3.908510627554989242e+03,-6.101774802194430549e+02,-8.290157064617711512e+03,-7.353247547652128446e+01,-2.893280958877855937e+03,-9.438302269010562213e+02,-9.744880459135123374e+02,3.825756639779101533e+02,-2.273217498764602624e+03,6.475906737285096142e+02,7.177332443863849676e+02,4.965841935867139227e+02,-7.462055521293646052e+02,-1.155790148801746000e+03,-1.275349720412178385e+03,2.558227089923445590e+02,1.256413967307193843e+03,-2.711912768971453715e+02
6.559802358324572197e+03,-5.137501710891376206e+03,4.422573630540317936e+03,-1.528986308308100888e+03,4.373253748490967610e+02,-4.708916909184664291e+03,6.169152485308207361e+03,-5.258421960639506324e+03,3.782500172444073996e+03,5.056724227387680912e+03,-2.549110246296199421e+03,-3.910691984058135859e+03,9.734839243912118718e+02,-6.594964252175434467e+02,-4.065560960218656874e+03,3.327371483595269410e+02,-8.872145599534775329e+02,-7.401938233336063604e+03,-8.075677164888853440e+03,-2.853236765420637312e+03,3.750406135239052219e+03,-6.775195775824515295e+03,6.709519191430621504e+03,8.461880570757663008e+03,2.022854170487340298e+03,-2.008289927525463554e+03,-2.079205258427333774e+03,-3.938074282571568574e+02,1.745016738022882237e+03,2.430181656249357729e+03,-2.996438174187256209e+03,-1.690951228190446727e+03,-1.634150941966175424e+03,-2.021879626217473515e+03,5.138806341659536656e+02,-9.495065756254780354e+02,1.128692322852150909e+01,-2.656161729396732767e+02
3.086115508448013770e+03,1.872512233587239962e+03,5.355381022565274179e+03,2.046978947417312895e+02,2.440800042299038978e+03,7.693343653594332864e+03,1.180546210436621004e+04,-4.010465597603788410e+03,6.773685916225950905e+02,2.200059098815578182e+03,-1.072852913906810318e+04,4.290970977859574305e+03,2.013682311057200423e+02,-3.987651670146950437e+03,1.408400720957858539e+03,-1.184601079608987220e+03,7.840619551460831360e+01,8.053170676215609092e+03,-7.161050447445688405e+03,2.127821628479406172e+03,-4.488546163004040864e+03,7.593297039480184139e+03,-1.258256799820610240e+03,1.848537634498352872e+03,3.171813636133265391e+03,2.131461145485427096e+03,-1.280808575026218705e+03,-3.542435676778867673e+03,-3.920952985833124330e+03,2.271211957064062517e+03,1.084631636655562261e+03,-9.021355116091796162e+02,-1.474339199802081339e+03,1.218736524572683493e+03,6.062919902094398594e+01,9.352458726790021046e+02,-5.752845699009569671e+02,-1.585150876190469944e+02
-1.194023056742586596e+04,-2.288964351554221139e+03,1.989512813399655215e+03,1.445109263649925424e+03,-2.799946840999940832e+03,-1.162438754662106248e+03,1.471413036148137508e+03,2.151442837280539152e+03,1.052917165460466720e+02,-5.213517612930912037e+03,4.153243006627273644e+03,5.623053508236442212e+03,-5.744324476325216892e+03,-3.707000330570345341e+03,3.175415261306739922e+03,-5.866375553516151740e+03,8.857075413458749608e+03,2.329374717015427905e+03,-2.709724091737556591e+03,3.840461564386725513e+03,1.348254465025025274e+04,4.751850051438455580e+02,-2.715510004339444549e+03,4.545730931833109025e+03,1.246942445914012978e+03,-1.299559764377837325e+02,2.998909337279992542e+03,1.313361723192557236e+02,2.249134298551402026e+03,1.812007272380586073e+03,1.452368430011033979e+03,8.532654472981552090e+02,2.298143074608705945e+02,1.431940116193697577e+03,-4.741384309584947800e+02,5.052166124018440883e+02,-4.705764648760980435e+02,-1.152161862310242100e+02
-9.750609250256946325e+03,4.471302197785514181e+03,7.462286049273543540e+02,-2.502133979496492429e+03,4.975087362996924639e+03,-1.056812345001096674e+03,1.042436196238404875e+02,-1.504743297089568387e+03,2.237021964612486954e+03,4.371284498425445236e+03,1.305233223995640230e+02,4.505405456643065008e+03,-6.770014406282762138e+02,-1.345223493902385144e+03,7.102255534105665902e+03,-4.943000922153984902e+03,-5.389673622042841998e+03,-3.765394168497711689e+03,-1.330730373321686102e+03,3.793604761264319677e+03,-4.104810910554276234e+03,-9.191749796521771714e+03,-2.281141359012409794e+03,-3.537154584312118459e+03,4.879157431844097118e+03,2.179536619529280870e+03,1.818442211267463335e+02,-1.570540652350107621e+03,1.162321285190826075e+03,-1.972671542998261657e+03,5.573526280489475084e+02,1.294483153893644612e+03,4.081170750465984156e+02,-5.187439389951102839e+02,-5.656309709875988119e+03,1.101885793230057971e+03,-4.175790074322672808e+03,7.847179390498910152e+02
-9.649444410908644443e+01,9.354638002481502554e+03,-9.959664027686324062e+01,-8.394322065974422458e+02,4.696418518254216906e+03,3.818246195790880847e+03,6.744664519140906123e+03,-4.953755440276714580e+03,-8.783188523400804115e+03,7.820740819114561418e+03,1.968561368000370294e+03,3.580567978305132328e+03,1.288188048892072175e+03,-2.060156058453848800e+03,1.192804684522075149e+03,1.135430662819267491e+04,3.437076410913775248e+02,7.464834418330233348e+03,1.794143525148016352e+03,-3.583086503027400340e+03,5.057923788695278745e+03,-4.514945534805658099e+03,1.244282674513787924e+03,-4.686862833040288933e+03,-2.940565926468663747e+03,-3.574380891561974295e+03,1.113041292763678030e+03,6.435625490120805807e+02,4.862542641901930438e+03,1.045545866247588265e+03,-1.809191681808331168e+03,1.571104316575834673e+03,-1.194115593949650474e+03,7.450311159365871845e+02,4.336199691716189477e+02,3.243771352855362125e+02,-1.302470057685188294e+03,-4.508001449356200396e+02
1.750060446581957513e+04,-5.526032399475224338e+03,-8.458200455932031900e+02,-5.251411257265885979e+03,3.919209903291640330e+03,3.364485198821393624e+03,7.037601076845122407e+03,7.570520969318827156e+03,7.719724415572201906e+03,-8.927414105254205424e+03,-3.547013165033423775e+03,1.203690937638744799e+04,-6.992647223275816032e+03,1.433693397250405496e+03,-5.088100158079393623e+03,5.148730840542917576e+03,-3.841807507893375259e+03,-3.454351597147839584e+03,4.063735659332468003e+03,2.563205466990874356e+03,1.086088118015383543e+03,-1.180932352766319582e+03,-1.421383743290895609e+03,-1.072373834003680031e+03,1.893376743493384538e+03,-2.264378400497015264e+03,1.143562126657652698e+03,1.325486251092655039e+03,1.748255458221797426e+03,-2.525886580463405608e+03,-4.569571224291233307e+02,9.623381804332402680e+02,1.226640638681889868e+03,1.347722950890885727e+02,-7.348837563299103692e+01,-3.829426807569548714e+02,4.657368311520385191e+02,-2.757542711191625244e+02
-5.560505620491569061e+03,3.316637332853396401e+03,-6.012093875336749079e+03,-4.858451575727371164e+03,3.015719714890224168e+03,1.363215958812926829e+03,-3.433588922096511851e+03,1.627480388740969374e+03,-1.014034235918319951e+03,-4.099549121369601380e+03,-6.160114276371154119e+03,1.261562426829737660e+03,-6.141390398667296040e+02,1.497975868912052192e+03,5.311394983959939054e+03,3.477654047801900560e+03,-1.305948780635756066e+02,-1.818747462907019326e+03,2.548611508684126420e+03,-4.292348726210330824e+03,2.769421773144699372e+01,2.247841051564541885e+03,-2.198315395968376379e+03,6.641104716833981001e+03,-6.134123334176511889e+03,5.565468719033317029e+03,-7.062342443351697511e+03,-1.503521409041308061e+03,4.217064754274778352e+03,-1.371039133617195375e+03,-1.800574753802244231e+03,-2.921593784390542169e+03,-9.628755781822503650e+02,3.626517017056203713e+03,-2.319922484119888395e+03,-3.572724028452220409e+03,-6.259409940605877409e+02,-6.127194270712607249e+02
-5.661736483358225087e+03,7.155964088196116109e+02,8.823150726755999131e+03,-1.583668949978896990e+03,8.313346671768586020e+02,1.728419040763248802e+02,-2.294547761449459813e+02,-1.264432308421770585e+03,1.320205777694478002e+03,6.603969101219264530e+02,-2.952799625965593350e+03,-1.329317313683071404e+02,-2.659805965318381823e+03,1.982116454994195692e+03,-1.696010334695131633e+03,1.294367448132944446e+03,3.767203856526111849e+03,2.070784114779228275e+03,4.123965871405620760e+02,-2.222691550166376146e+03,-1.418268164029358786e+03,8.994881225367644220e+02,1.223882256853784611e+03,-8.800974724839969667e+02,-1.368571698484773833e+02,-1.884471556011821804e+03,3.173761833042203762e+03,6.581237297491260506e+03,-2.551724043153593811e+03,-3.639908127007216990e+03,9.256534582341109854e+02,-3.381050435785411082e+03,-3.696501687676557594e+03,-1.508700233378000121e+03,-2.421413564269596918e+03,-3.788368987611135253e+03,3.070076196720847861e+02,6.521674079753199294e+03
-5.585550995856076042e+03,-5.679925205369232572e+03,5.528990888851245472e+03,6.334580532677119891e+02,-3.295484281518794432e+03,-4.650136345641226967e+02,7.488590004164946095e+02,7.642909926614759115e+02,-3.135944405531553912e+03,-1.109113387927894337e+03,9.804329394230692287e+02,2.861486813651838929e+03,-7.596319141475167953e+02,-2.827366671785369363e+03,-3.071302925471028630e+03,-2.733222796849614951e+03,-2.287690049275237470e+03,1.390971541090426854e+03,2.704575324318077946e+03,1.647064558171582803e+03,-3.979375095847482498e+03,-7.133995548904280213e+02,-2.145266921979318340e+03,1.745528175003582874e+03,-5.360165484759204446e+03,-3.350097791231924305e+01,2.078311234246203639e+03,-5.320668487178542136e+02,-1.016406934810071334e+03,-8.701750734980060997e+02,-4.525691967164684115e+02,1.159348790398573783e+03,-2.738084864028478478e+03,-5.434225663886671100e+03,5.570635128867161256e+03,-3.045594793534967266e+03,-5.033743086269752894e+03,-4.491950330889676479e+03
2.088462087359986299e+02,2.643102198359135400e+03,-7.660659908833530380e+02,-2.261355937988294954e+03,-9.850212746287800201e+02,6.621900239364553897e+01,-6.488808165320512671e+03,-3.340782215634431395e+03,-8.763917419216368216e+03,-1.078329588625799261e+04,6.430095313217927924e+02,-6.715069501337730799e+03,-7.017791747026853045e+03,-9.651988715622057498e+03,-3.677069429496637895e+03,7.303957394475024785e+02,-8.409968734326521371e+03,1.799117848680882162e+03,-1.207478804390599407e+03,-3.832953535428277519e+03,-2.074039712992231216e+03,6.575125049003921163e+01,-5.765594222930654951e+02,-1.833454202309862353e+02,6.766049367382105629e+03,3.241322640314238470e+03,2.677089465142468725e+03,2.418284041726864871e+03,3.817374227331934890e+03,3.075693942408551720e+03,1.318003964869651838e+02,-9.365220172837846349e+02,-1.237365989733513743e+03,5.355582844384883856e+02,7.493342962513036127e+02,4.114579311013967526e+02,1.031702841024830605e+03,3.007218304909225708e+02
2.461299202557336685e+03,-2.361285037799942984e+03,5.896578763667891508e+03,-4.912120723412574989e+03,6.070004548993669005e+02,-7.761026058310286544e+02,-8.582704834047406621e+03,3.054797680444343086e+02,2.025464651053982607e+03,3.014698557831060498e+03,4.363753876098890032e+03,3.258202519798216144e+03,1.531726912184413322e+03,3.355849238207822964e+03,-3.962263011672803259e+03,8.788268171985064328e+03,7.576455151006396591e+03,-8.460320854424556956e+02,1.891512690085927943e+03,-1.508909307801946170e+03,-2.392700903854049102e+03,-1.444073695208400750e+03,-6.804178309270816953e+02,2.769697263989483417e+03,3.162213168964638498e+03,9.030698524635057765e+03,1.200341865160852421e+03,-4.347843597445997148e+03,-1.434754128222130475e+03,2.567774676857240138e+03,2.573750282641211925e+03,5.245401718045959569e+03,-2.783662378854620329e+03,-1.052485020078086563e+03,2.232531652308097705e+02,1.582910250629608981e+03,2.593616333466144965e+02,7.716147285100691988e+02
1.194033789909811458e+04,-6.265264798688171140e+03,-6.976318192538940821e+03,-6.747180935163293043e+02,7.862053674814786973e+03,-6.002339664553835973e+03,-5.960202955910949640e+03,1.262204745524537066e+04,-1.136745887328102617e+04,1.256491985409951121e+04,-3.142181418410543301e+03,1.253857698056866184e+03,-3.799388564526238497e+03,2.275696216766383714e+03,-1.546918285379820873e+03,-6.473866376735140875e+03,1.171865173924550163e+03,4.782282782389961540e+03,8.027367204732028085e+02,4.579031800416381657e+02,-1.825415210567936128e+03,-1.162436045704274420e+03,-2.579701252494915479e+03,4.265704155935187373e+03,1.120729163796066359e+03,-1.447181583019352502e+03,1.122596383922395518e+02,2.488479140315331279e+03,1.479341268106893494e+02,5.202663018834022068e+02,-8.840562391303076595e+01,-1.007344490490595035e+03,4.630508690281093465e+01,3.326781367033466381e+02,-6.826400593358032154e+01,1.296317464767610545e+03,6.407914873473063153e+02,2.987433206240056052e+02
-2.752671202961284962e+03,-5.145627267813189064e+03,2.929524813118186557e+03,-2.302409503410154230e+03,2.708685674583888158e+03,-2.470574785342793803e+03,-1.455839695126045854e+03,1.703324573989751798e+03,1.279341482748340866e+02,6.164365134418146226e+03,-1.565081601071401337e+03,-6.790331736548068875e+02,2.810558127999410317e+03,4.162531530859987470e+03,2.553840704917318362e+03,1.307665277650686448e+03,-2.487457595540242437e+03,-7.754658887804015649e+03,-1.389124892140702741e+03,-6.969551937117908892e+03,5.715920993980587809e+03,1.119859830483723454e+04,-4.962122214969957895e+03,-5.749190395390084632e+03,4.567452754812021340e+03,2.556864184211113411e+02,2.804501830679673276e+03,1.592632428775508515e+02,1.080186815392518611e+03,8.999838020524798594e+02,-3.034084430389526915e+03,-1.253606981913055961e+03,1.196627501484592813e+03,-2.380735435421206603e+03,-1.727611235589191097e+01,-2.182068071616159273e+02,-1.813187517260814047e+03,-1.848892993514828731e+03
-6.465985607866297869e+03,1.081333900696030469e+03,-2.819394359632582336e+02,-4.094749359158000516e+03,-1.079029067599206428e+03,3.275262166549380254e+03,7.340214120310167800e+01,-1.416777281246961820e+03,2.276127141913653304e+03,-2.913544232622336494e+03,1.571082247247319629e+03,-9.022540363919194988e+02,1.042185411043160229e+03,8.457434961697675817e+02,-9.792127985992569847e+02,5.316123234016757806e+02,2.501463802154553377e+03,1.444082049188680003e+03,1.904352390691464279e+03,-1.742798235641939755e+03,-2.674258697686759660e+03,1.798262693087330035e+03,6.884046297131122856e+02,3.398130779283379979e+03,-9.297759769711951776e+02,-2.635132823018571798e+03,-1.143469894325709674e+03,1.619944796573547364e+03,1.732509927851267776e+03,-4.400185048746105167e+03,-1.737945573499021521e+03,-3.249131744632400569e+03,-1.080663066085393666e+03,-3.487649843946545388e+03,-1.766729127854900980e+03,1.068489223246334404e+04,8.999656685478628333e+02,-2.325215885996538873e+03
9.574833629439837068e+02,9.073343715936460285e+03,-1.100137158387823183e+04,-4.583332562268205947e+03,-5.429519961830840657e+03,-4.829292738383840515e+03,3.978563277222941451e+03,1.444480774458667838e+03,-3.053612803785442793e+03,1.837767060111812270e+03,1.175990809877519860e+04,-1.275795305450570964e+02,-3.950071673544694477e+03,-4.674972122497300916e+03,-5.945623698445474474e+02,3.196406963739326329e+03,1.945081541439416469e+03,-9.061893302452258467e+02,-2.104375196639837213e+03,-2.419515664267300508e+03,-2.088038637553791887e+03,3.682021911313603596e+03,7.276741096587177253e+02,2.537347010686597514e+03,3.712155480715040085e+03,-4.126620954897603042e+03,-8.744479674955226756e+02,-6.019929358099871024e+03,-4.355117181945305674e+03,-6.427560027922500012e+03,1.135097127552984148e+03,-5.033672306538203429e+02,1.333581483672711784e+03,-7.687106069199973035e+02,-1.110102277131958772e+03,-3.150780195541806734e+03,4.629887485907916655e+00,-3.196106057336883737e+02
-9.748452462430692322e+03,-2.635653126533902650e+03,-5.458780772258824072e+03,9.602518061867242068e+03,1.006792528348276210e+04,-6.157253229713439396e+03,-2.861101063383448491e+03,4.177488515223061768e+03,3.461446321622964319e+02,-2.360246134648428324e+03,-3.974021025903156215e+02,3.507227851438710786e+02,-2.761567847108977276e+03,2.491525469977147168e+03,-1.020754948359406399e+03,3.617284898416049600e+03,-6.651541521890266267e+03,3.611253986427047494e+03,-2.495133368335783416e+03,4.118141689818726263e+03,4.673042949366751600e+03,3.355686565662367229e+03,1.129760845055219761e+04,-1.952481832461276781e+03,-1.069532480015023339e+03,3.880951103747520847e+03,-1.715341995070694793e+03,7.038234123673234990e+02,-4.413793360147838030e+03,-1.643812942417578597e+03,-1.017562921823307988e+03,2.352091321757317019e+03,-6.869552899625304008e+02,-1.628704890691454466e+03,-1.234755374701623623e+03,6.103576911652537547e+02,1.682437316320554714e+02,-9.438708269368688661e+02
-5.207592008398429243e+03,-2.117726821957449829e+03,4.970286774835103643e+03,-2.683759756905174982e+03,-1.318222440467271099e+03,1.660477011732801429e+03,1.081823329563828565e+03,-1.068617391050052220e+03,-3.092070786173351280e+03,-2.468268654335801784e+03,-2.649694494943736117e+03,-3.744316523674568998e+03,1.621919826641002373e+03,-2.296333734830691924e+02,-3.756526753737102808e+03,-2.672735071542314927e+03,4.093686412008860884e+02,2.775467277828130136e+03,-3.450325479288647443e+02,2.810262055699971029e+02,-1.819278882836124239e+03,6.373394969469837861e+02,-2.146173512510719775e+03,2.249498127372608451e+03,-3.135953119033322309e+03,-2.038730650715341426e+02,-3.941364885609340831e+02,8.381179530103036086e+02,1.848461924892977549e+03,-8.398973444082299693e+02,-3.391218563422604802e+03,5.943027465592598674e+03,6.037384050817086973e+03,-5.407944815488020140e+03,-4.922852035601375064e+03,-2.622216952468349973e+03,1.333102182120778252e+03,5.165229666120368393e+02
-8.264731999279145384e+03,8.195062392900665600e+02,-2.011344232043068814e+03,-4.027071321091968912e+03,1.890783013788731296e+03,-3.082681541005792496e+03,-1.546892998727183112e+03,-1.735649438087961016e+03,3.168449262239953896e+03,5.780299048044399797e+02,-2.183108739414712545e+03,-4.395843583676129356e+02,-2.523885087821943671e+03,3.093090280609824845e+02,4.745747464693256916e+03,-1.309937278537549219e+03,-3.144847380746455656e+03,-2.078358067950385248e+03,-9.312935309849831356e+01,-7.467137900597327871e+02,-8.680366921719696620e+02,-1.489110559620843105e+03,-2.917745364774899031e+02,1.454524937679506365e+03,-2.421675320201844386e+02,-1.002682901699944068e+03,-9.446104122718312510e+02,1.157370824816536924e+03,-1.166062646426910078e+03,-3.038693401664415433e+03,-5.037734157941060431e+01,1.186010363160270117e+03,-7.158594759506634091e+02,3.005137036031856496e+03,7.600986062913412752e+03,1.543562839297032042e+03,-2.443573219729570155e+03,2.067976629489027346e+03
-4.502327891013254884e+03,-4.108932796125859568e+03,-1.349172248852596340e+03,9.278002014296642301e+03,-3.817030060517278343e+03,1.141269497401515309e+03,7.147182944637127548e+03,1.460722083130643114e+04,1.000757882491842611e+04,-1.792483515738628284e+03,8.174292201239690257e+03,-4.733668239992765848e+03,2.267608116918112955e+03,2.997845948626543304e+03,3.332300968971574548e+03,2.209718057189063984e+03,3.314196778913645289e+02,6.178750391380954170e+03,-3.928880758091292591e+03,-5.756965943518011954e+03,-5.061553582559998176e+03,-2.159967631639295178e+03,-1.843034139782292186e+03,-5.670668918573734345e+02,2.372890561509947020e+03,3.042333738630036351e+02,-2.681452884632452879e+03,3.393614758891203564e+03,3.005690682233333973e+03,3.124836199261369075e+03,7.704532449781537196e+01,1.688302580339729673e+02,5.154045876257417831e+02,2.547860327012555501e+02,8.227454607461227170e+02,-9.462666342733831470e+02,-7.296523340365783952e+02,-2.328397211460868022e+01
-2.948299478494862797e+03,2.746562541518308535e+03,-1.010858581321324709e+04,9.415138169106590794e+03,-1.291926999702413923e+03,2.021904031859594397e+02,6.002396561142126302e+03,7.568815210685278316e+02,3.772149769009692136e+03,4.431722531723758948e+03,-5.504117261627075095e+03,4.718745566620598311e+02,7.074677534234401719e+03,-1.153428326273024140e+04,-4.002118547984703127e+03,-3.470880124540506586e+03,4.656191524511532407e+03,-4.298992276662439508e+03,1.131688655582395404e+04,-2.261813925560564257e+03,-5.489103034866717508e+02,9.623004583615404499e+02,4.005461671114112960e+03,2.812055820797073125e+02,2.388800122713373185e+03,3.089743154015297478e+03,1.973829025099787941e+03,2.667928686579217811e+03,5.068788939534012457e+02,2.374059135945280445e+02,6.949972104966274173e+02,6.488916041525288847e+02,4.393065099028293616e+02,8.225374943738846696e+02,-4.175623929196410700e+02,-3.731334386362177042e+02,-1.830115404296334702e+02,-4.158410047339379503e+02
-8.688600274534464916e+03,-3.626201518314275745e+03,9.563403439920140272e+02,2.283081615439205962e+03,6.772019968612555203e+03,-1.577618019378958252e+03,-2.576629101920568701e+03,4.137478643092389916e+02,-1.052846682804462262e+03,-3.448062221882503309e+03,-2.394328764984679310e+03,-6.524338665153729380e+03,5.428996410759481478e+03,2.227167523526870809e+03,-6.138989800891764389e+03,2.634425420314691564e+03,2.064905327905958529e+03,3.897513667380401330e+02,4.851229227924441147e+03,9.162007848310613554e+03,1.626209315609263797e+02,9.759776705849729979e+02,-2.371080119387035211e+03,-1.496582285085829426e+03,4.974320856424592421e+03,-7.252955767553166879e+03,-5.869942146632140066e+03,-5.699549201243871721e+03,3.391595775315169249e+03,1.888862648087212165e+03,1.423099127912962558e+03,-1.758726978479912304e+03,-1.336268550320398163e+03,1.422015036716332474e+02,7.550545752155785522e+02,-1.097625590875509488e+03,-9.685225204138612298e+02,1.416715743333471664e+03
4.151816513338538243e+03,1.299535980724182082e+04,-7.015838331683901743e+03,-4.272888343573799830e+03,-1.205412788723323501e+04,1.591682393178782604e+03,2.125262707104415767e+03,-3.858181880361257754e+03,-1.673663823539367741e+03,-2.861710052096416348e+03,-7.236165276918962945e+02,2.149918895932707528e+03,5.838791003057151102e+03,1.348232108313019671e+04,-3.781928159981121553e+03,-6.903004370821960947e+03,-4.667996770375474625e+03,4.828739640279445666e+03,3.710142008360158798e+03,-1.664024308881549132e+03,5.488230699100159654e+03,-1.837692960070778327e+03,3.308939118035027036e+02,3.817505940567831999e+02,4.022956132428584624e+03,2.151358905762728682e+03,-2.119673015264261267e+03,1.268217947524373585e+03,-2.148907673697989594e+03,1.054304029397215800e+03,7.007065258759276958e+02,-7.502639123557932521e+01,-1.410107118688444643e+03,-1.247646767111053350e+03,4.286053044956772169e+02,-6.372464931117898459e+02,-9.492033242986590267e+02,4.111222421387574144e+01
9.293066902431157359e+03,-1.675639247494638084e+03,-1.048492518974537052e+04,-5.754906351585148514e+03,1.508445521854153594e+04,3.227898661941933824e+03,-5.817768399136529297e+03,-2.051386107198016816e+03,2.426408986830067079e+03,-9.279579431116964770e+03,-1.745776310681844166e+02,-1.052902482203180853e+03,1.033912073947479621e+04,-3.844672635936740789e+03,1.583150318804382323e+03,-3.190443587898040278e+03,6.005935880963183990e+03,1.537639192485311924e+03,-6.150586431519816870e+03,-4.146052125441833596e+03,1.754377658448130887e+03,-3.733616736260632479e+03,-1.664745127589420463e+03,-3.719346118912072143e+03,-1.846657651195938342e+03,-1.017046421969071389e+03,8.766752669634779522e+02,5.212482695660276022e+02,-3.701032235737282917e+03,-3.149288810381555663e+02,1.140002375455845595e+03,-3.339063179085945308e+02,-6.769591517971124972e+01,-2.019657268662711658e+03,9.284811034580507112e+02,-8.304899678323557737e+02,-3.816291815806036993e+02,-4.610546065135338267e+02
